Name,Ortnr/Stationsnr,Latitude,Longitude,Elevation,Time zone,Dry bulb min winter,Dry bulb max winter,Wet bulb max winter,Wind direction winter,Wind speed winter,Dry bulb min summer,Dry bulb max summer,Wet bulb max summer,Wind direction summer,Wind speed summer,Country,Source,Design data file,Type,
Ängelhom,026070,56.28,12.08,18,1,-11.6,-7.1,-7.8,130,2.1,13.8,26.9,18.7,130,4.6,Sweden,ASHRAE Fundamentals 2013,TRUE,IWEC2,
Arjeplog,021240,66.05,17.87,432,1,-30.9,-23.4,-23.6,90,0.2,12.2,22.6,15.2,180,2.4,Sweden,ASHRAE Fundamentals 2013,TRUE,IWEC2,
Bjuröklubb,022960,64.48,21.58,43,1,-21.4,-18.6,-18.9,340,4.4,16.5,22.1,16.3,180,4.7,Sverige,ASHRAE Fundamentals 2013,TRUE,IWEC2,
Falsterbo,026160,55.38,12.82,5,1,-7.4,-4.9,-6.1,30,4.3,17.1,24.4,19.2,100,4.4,Sweden,ASHRAE Fundamentals 2013,TRUE,IWEC2,
Fårö,025880,57.9,19.17,8,1,-8.9,-5.6,-6.6,340,5,15.8,24,17.8,180,4.3,Sweden,ASHRAE Fundamentals 2013,TRUE,IWEC2,
Fränsta,023420,62.5,16.18,75,1,-29.8,-21.3,-21.5,20,0,10.4,26.8,17.1,180,2.8,Sweden,ASHRAE Fundamentals 2013,TRUE,IWEC2,
Gäddede,022220,64.5,14.17,330,1,-27.3,-21.1,-21.3,0,0.2,10,24,16,180,2.9,Sweden,ASHRAE Fundamentals 2013,TRUE,IWEC2,
Göteborg - Landvetter,025260,57.67,12.28,155,1,-13.2,-8.4,-8.9,30,3.3,14,26.1,17.3,210,4,Sweden,ASHRAE Fundamentals 2013,TRUE,IWEC2,
Göteborg - Säve,025120,57.78,11.88,16,1,-14,-8.8,-9.2,60,1.2,13.4,26,18,270,4.3,Sweden,ASHRAE Fundamentals 2013,TRUE,IWEC2,
Gotska Sandön,025840,58.4,19.2,17,1,-8.5,-5.6,-6.54,90,4.7,18.1,23.9,18.4,180,4,Sverige,ASHRAE Fundamentals 2013,TRUE,IWEC2,
Gunnarn,021280,65.02,17.68,283,1,-31.8,-23.2,-23.4,320,0.2,11.1,24.6,15.6,270,2.8,Sweden,ASHRAE Fundamentals 2013,TRUE,IWEC2,
Haparanda,021960,65.83,24.15,6,1,-27,-19.4,-19.7,0,0.9,13.5,23.5,16.2,180,3.1,Sweden,ASHRAE Fundamentals 2013,TRUE,IWEC2,
Harstena,025860,58.25,17.02,18,1,-12.7,-9.7,-10.2,320,4.4,17.9,23.9,18.3,160,3.9,Sverige,ASHRAE Fundamentals 2013,TRUE,IWEC2,
Hemavan - Gierevarto,021040,65.78,15.07,793,1,-29,-25.8,-25.8,130,3.1,13.6,20,13.4,150,4.2,Sverige,ASHRAE Fundamentals 2013,TRUE,IWEC2,
Hoburg,026800,56.92,18.15,39,1,-7.7,-5,-6.3,20,5.1,17.5,23.7,17.4,90,4.5,Sweden,ASHRAE Fundamentals 2013,TRUE,IWEC2,
Holmögadd,022880,63.6,20.75,6,1,-19.1,-15.1,-15.5,0,3.5,16,20.8,16.9,200,3.5,Sweden,ASHRAE Fundamentals 2013,TRUE,IWEC2,
Jokkmokk (SWE-AFB),021420,66.63,19.65,264,1,-34,-24.6,-24.7,180,0.1,11.6,23.2,15.7,90,3.6,Sweden,ASHRAE Fundamentals 2013,TRUE,IWEC2,
Jönköping - Axamo,025500,57.75,14.08,224,1,-17.8,-11.8,-12,270,1.7,11.3,26.8,17.2,70,3.9,Sweden,ASHRAE Fundamentals 2013,TRUE,IWEC2,
Karlstad flygplats,024180,59.45,13.47,100,1,-18.5,-12.7,-13.1,0,1.4,13.8,26.3,17.7,190,3.5,Sweden,ASHRAE Fundamentals 2013,TRUE,IWEC2,
Katterjåkk,020200,68.42,18.17,517,1,-25.9,-19.9,-20.1,230,0.7,10.6,20.6,13.6,200,3.6,Sweden,ASHRAE Fundamentals 2013,TRUE,IWEC2,
Kirkenes,010890,69.73,29.9,91,1,-27.1,-20.6,-20.6,160,3.4,11.8,22.8,14.7,210,4.9,Norway,ASHRAE Fundamentals 2013,TRUE,IWEC2,
Kiruna,020440,67.82,20.33,447,1,-29.8,-22.1,-22.3,220,1.8,10.8,22.1,14.6,190,3.4,Sweden,ASHRAE Fundamentals 2013,TRUE,IWEC2,
Kvikkjokk-Årrenjarka,021200,66.88,17.75,315,1,-33.4,-24.9,-25,0,0.6,9.8,23.2,15.2,180,2.5,Sweden,ASHRAE Fundamentals 2013,TRUE,IWEC2,
Lainio,020860,67.77,22.35,325,1,-31,-23.5,-23.8,320,1.1,11.7,22,14.6,140,3.5,Sweden,ASHRAE Fundamentals 2013,TRUE,IWEC2,
Landsort,025820,58.75,17.87,20,1,-10.7,-8.95,-9.55,340,6.8,18.7,22.2,18.7,230,4.4,Sverige,ASHRAE Fundamentals 2013,TRUE,IWEC2,
Linköping - Malmslätt,025620,58.4,15.53,93,1,-16.4,-11.3,-11.6,200,1.4,13.5,27.3,18.4,280,3.2,Sweden,ASHRAE Fundamentals 2013,TRUE,IWEC2,
Ljungbyhed (SWE-AFB),026300,56.08,13.23,52,1,-13.9,-8.8,-9.3,300,1.6,12.9,27.3,18.1,320,3.9,Sweden,ASHRAE Fundamentals 2013,TRUE,IWEC2,
Luleå - Kallax,021860,65.55,22.13,17,1,-26.8,-18.8,-19,330,1.3,14.4,24,17,180,3.9,Sweden,ASHRAE Fundamentals 2013,TRUE,IWEC2,
Målilla,025660,57.4,15.82,98,1,-18.8,-13.5,-13.8,340,0.6,11.5,29.2,17.9,230,2.9,Sweden,ASHRAE Fundamentals 2013,TRUE,IWEC2,
Malmö - Sturup,026360,55.52,13.37,155,1,-11.9,-7.7,-8.1,340,2.9,13.5,26.2,18.4,140,4.6,Sweden,ASHRAE Fundamentals 2013,TRUE,IWEC2,
Malung,024100,60.68,13.72,308,1,-25.6,-16.7,-17,0,0.7,10.1,26.4,16.9,180,2.1,Sweden,ASHRAE Fundamentals 2013,TRUE,IWEC2,
Osby,026260,56.37,13.95,85,1,-16.5,-11.1,-11.6,0,1,11.9,27,19.1,140,2.8,Sweden,ASHRAE Fundamentals 2013,TRUE,IWEC2,
Östersund - Frösön,022260,63.2,14.5,359,1,-23.2,-17.5,-17.7,100,1.3,13.4,24.1,15.9,130,3.5,Sweden,ASHRAE Fundamentals 2013,TRUE,IWEC2,
Östmark,024000,60.35,12.65,310,1,-20.9,-15.7,-16,320,0.7,12.1,26.2,16.9,230,3.9,Sweden,ASHRAE Fundamentals 2013,TRUE,IWEC2,
Pajala,020960,67.22,23.4,168,1,-31.7,-23.3,-23.5,320,0.4,12.5,25.2,16,180,2.4,Sweden,ASHRAE Fundamentals 2013,TRUE,IWEC2,
Ronneby,026640,56.27,15.27,58,1,-13.6,-8.8,-9.2,10,2.1,13.2,27.1,18.7,230,4.3,Sweden,ASHRAE Fundamentals 2013,TRUE,IWEC2,
Särna,023160,61.7,13.18,425,1,-31.1,-22.1,-22.4,320,0.5,9.1,24.4,15.6,180,2.6,Sweden,ASHRAE Fundamentals 2013,TRUE,IWEC2,
Såtenäs,025200,58.43,12.72,54,1,-14.8,-10.2,-10.6,60,1.4,13.3,25.8,18.5,0,3.9,Sweden,ASHRAE Fundamentals 2013,TRUE,IWEC2,
Singö,024740,60.17,18.75,14,1,-15.6,-10.6,-10.9,270,2.8,15.3,26.1,17.5,180,4,Sweden,ASHRAE Fundamentals 2013,TRUE,IWEC2,
Söderhamn (SWE-AFB),023760,61.27,17.1,36,1,-19.8,-14.2,-14.8,300,2.9,13.3,26.1,17.2,130,4.1,Sweden,ASHRAE Fundamentals 2013,TRUE,IWEC2,
Stockholm - Arlanda,024600,59.62,17.95,61,1,-17,-11.3,-11.6,250,2.1,14.9,28,18.1,220,4.5,Sweden,ASHRAE Fundamentals 2013,TRUE,IWEC2,
Stockholm - Bromma,024640,59.37,17.9,14,1,-16.1,-10.5,-10.9,290,1.5,15.3,27.8,18.2,210,3.8,Sweden,ASHRAE Fundamentals 2013,TRUE,IWEC2,
Storlien,022060,63.3,12.12,644,1,-21.2,-16.2,-16.5,100,1,10.3,21.5,13.8,200,4.1,Sweden,ASHRAE Fundamentals 2013,TRUE,IWEC2,
Sveg,023240,62.02,14.37,363,1,-26.9,-19.9,-20.1,230,0.2,10.7,26.1,16.8,230,3.3,Sweden,ASHRAE Fundamentals 2013,TRUE,IWEC2,
Svenska Högarna,024960,59.45,19.5,12,1,-9.7,-7,-7.8,20,9.1,18.3,23.1,18.7,180,4.4,Sweden,ASHRAE Fundamentals 2013,TRUE,IWEC2,
Tromsö¸/Langnes,010250,69.68,18.92,10,1,-13,-8.3,-9.1,60,1.7,11.2,20.8,15.1,0,3.5,Norway,ASHRAE Fundamentals 2013,TRUE,IWEC2,
Umeå,022860,63.8,20.28,8,1,-24.4,-16.2,-16.5,320,1.3,11.9,24.4,17.4,200,4.3,Sweden,ASHRAE Fundamentals 2013,TRUE,IWEC2,
Ungskär,026660,56.03,15.8,3,1,-10.1,-7.2,-7.8,320,4.9,17.5,22.9,19.3,50,5.2,Sweden,ASHRAE Fundamentals 2013,TRUE,IWEC2,
Uppsala,024580,59.9,17.6,21,1,-19.1,-13.1,-13.4,310,1,13.2,27.3,18.6,230,3.5,Sweden,ASHRAE Fundamentals 2013,TRUE,IWEC2,
Västerås - Hasslö AFB,024460,59.58,16.63,31,1,-18.4,-12.2,-12.7,0,1,13.7,27.8,18.1,200,3.5,Sweden,ASHRAE Fundamentals 2013,TRUE,IWEC2,
Visby,025900,57.67,18.35,47,1,-10.4,-6.3,-7.1,40,3.6,14.8,25.2,17.6,110,4.9,Sweden,ASHRAE Fundamentals 2013,TRUE,IWEC2,
Värlöse (Copenhagen),Nan,55.767,12.317,19,1,Nan,Nan,Nan,Nan,Nan,Nan,Nan,Nan,Nan,Nan,Denmark,Unknown,FALSE,TRY,
Goteborg Landvetter,025260,57.667,12.3,169,1,Nan,Nan,Nan,Nan,Nan,Nan,Nan,Nan,Nan,Nan,Sweden,ASHRAE 2001,FALSE, IWEC,
Karlstad,024180,59.367,13.467,55,1,Nan,Nan,Nan,Nan,Nan,Nan,Nan,Nan,Nan,Nan,Sweden,ASHRAE 2001,FALSE, IWEC,
Kiruna,020440,67.817,20.333,452,1,Nan,Nan,Nan,Nan,Nan,Nan,Nan,Nan,Nan,Nan,Sweden,ASHRAE 2001,FALSE, IWEC,
Ostersund/Froson,022260,63.183,14.5,370,1,Nan,Nan,Nan,Nan,Nan,Nan,Nan,Nan,Nan,Nan,Sweden,ASHRAE 2001,FALSE, IWEC,
Stockholm Arlanda,024600,59.65,17.95,61,1,Nan,Nan,Nan,Nan,Nan,Nan,Nan,Nan,Nan,Nan,Sweden,ASHRAE 2001,FALSE, IWEC,
Abisko,102023,68.36,18.82,Nan,1,-25.6,Nan,Nan,Nan,Nan,Nan,Nan,Nan,Nan,Nan,Sweden,SMHI,FALSE,Unknown,
Adelsö,102627,59.36,17.52,Nan,1,-17.3,Nan,Nan,Nan,Nan,Nan,Nan,Nan,Nan,Nan,Sweden,SMHI,FALSE,Unknown,
Ale,102252,57.92,12.06,Nan,1,-13.8,Nan,Nan,Nan,Nan,Nan,Nan,Nan,Nan,Nan,Sweden,SMHI,FALSE,Unknown,
Alingsås,102204,57.93,12.54,Nan,1,-15.4,Nan,Nan,Nan,Nan,Nan,Nan,Nan,Nan,Nan,Sweden,SMHI,FALSE,Unknown,
Alvesta,102332,56.9,14.56,Nan,1,-15,Nan,Nan,Nan,Nan,Nan,Nan,Nan,Nan,Nan,Sweden,SMHI,FALSE,Unknown,
Aneby,102343,57.84,14.82,Nan,1,-16,Nan,Nan,Nan,Nan,Nan,Nan,Nan,Nan,Nan,Sweden,SMHI,FALSE,Unknown,
Arboga,102601,59.39,15.85,Nan,1,-18.7,Nan,Nan,Nan,Nan,Nan,Nan,Nan,Nan,Nan,Sweden,SMHI,FALSE,Unknown,
Arjeplog,102001,66.05,17.88,Nan,1,-31.9,Nan,Nan,Nan,Nan,Nan,Nan,Nan,Nan,Nan,Sweden,SMHI,FALSE,Unknown,
Arvidsjaur,102002,65.59,19.17,Nan,1,-29.6,Nan,Nan,Nan,Nan,Nan,Nan,Nan,Nan,Nan,Sweden,SMHI,FALSE,Unknown,
Arvika,102503,59.65,12.61,Nan,1,-21.3,Nan,Nan,Nan,Nan,Nan,Nan,Nan,Nan,Nan,Sweden,SMHI,FALSE,Unknown,
Askersund,102512,58.88,14.91,Nan,1,-16.7,Nan,Nan,Nan,Nan,Nan,Nan,Nan,Nan,Nan,Sweden,SMHI,FALSE,Unknown,
Avesta,102702,60.14,16.2,Nan,1,-19.3,Nan,Nan,Nan,Nan,Nan,Nan,Nan,Nan,Nan,Sweden,SMHI,FALSE,Unknown,
Bengtsfors,102223,59.03,12.22,Nan,1,-17.8,Nan,Nan,Nan,Nan,Nan,Nan,Nan,Nan,Nan,Sweden,SMHI,FALSE,Unknown,
Bjurholm,102912,63.93,19.22,Nan,1,-25.8,Nan,Nan,Nan,Nan,Nan,Nan,Nan,Nan,Nan,Sweden,SMHI,FALSE,Unknown,
Bjuv,102128,56.08,12.94,Nan,1,-11,Nan,Nan,Nan,Nan,Nan,Nan,Nan,Nan,Nan,Sweden,SMHI,FALSE,Unknown,
Boden,102006,65.82,21.7,Nan,1,-29.1,Nan,Nan,Nan,Nan,Nan,Nan,Nan,Nan,Nan,Sweden,SMHI,FALSE,Unknown,
Bollebygd,102243,57.67,12.57,Nan,1,-15.1,Nan,Nan,Nan,Nan,Nan,Nan,Nan,Nan,Nan,Sweden,SMHI,FALSE,Unknown,
Bollnäs,102718,61.35,16.39,Nan,1,-21.5,Nan,Nan,Nan,Nan,Nan,Nan,Nan,Nan,Nan,Sweden,SMHI,FALSE,Unknown,
Borgholm,102308,56.88,16.66,Nan,1,-11.8,Nan,Nan,Nan,Nan,Nan,Nan,Nan,Nan,Nan,Sweden,SMHI,FALSE,Unknown,
Borlänge,102707,60.47,15.46,Nan,1,-20.7,Nan,Nan,Nan,Nan,Nan,Nan,Nan,Nan,Nan,Sweden,SMHI,FALSE,Unknown,
Borås,102206,57.73,12.95,Nan,1,-15.6,Nan,Nan,Nan,Nan,Nan,Nan,Nan,Nan,Nan,Sweden,SMHI,FALSE,Unknown,
Botkyrka,102623,59.18,17.91,Nan,1,-15.9,Nan,Nan,Nan,Nan,Nan,Nan,Nan,Nan,Nan,Sweden,SMHI,FALSE,Unknown,
Broby,102130,56.26,14.08,Nan,1,-13.5,Nan,Nan,Nan,Nan,Nan,Nan,Nan,Nan,Nan,Sweden,SMHI,FALSE,Unknown,
Bromölla,102114,56.08,14.47,Nan,1,-11.7,Nan,Nan,Nan,Nan,Nan,Nan,Nan,Nan,Nan,Sweden,SMHI,FALSE,Unknown,
Bräcke,102803,62.75,15.42,Nan,1,-26,Nan,Nan,Nan,Nan,Nan,Nan,Nan,Nan,Nan,Sweden,SMHI,FALSE,Unknown,
Burlöv,102138,55.63,13.08,Nan,1,-10.5,Nan,Nan,Nan,Nan,Nan,Nan,Nan,Nan,Nan,Sweden,SMHI,FALSE,Unknown,
Båstad,102132,56.42,12.85,Nan,1,-12.5,Nan,Nan,Nan,Nan,Nan,Nan,Nan,Nan,Nan,Sweden,SMHI,FALSE,Unknown,
Charlottenberg,102521,59.89,12.31,Nan,1,-21.1,Nan,Nan,Nan,Nan,Nan,Nan,Nan,Nan,Nan,Sweden,SMHI,FALSE,Unknown,
Danderyd,102646,59.4,18.08,Nan,1,-16,Nan,Nan,Nan,Nan,Nan,Nan,Nan,Nan,Nan,Sweden,SMHI,FALSE,Unknown,
Degerfors,102532,59.23,14.43,Nan,1,-18.3,Nan,Nan,Nan,Nan,Nan,Nan,Nan,Nan,Nan,Sweden,SMHI,FALSE,Unknown,
Delsbo,102724,61.83,16.54,Nan,1,-22.1,Nan,Nan,Nan,Nan,Nan,Nan,Nan,Nan,Nan,Sweden,SMHI,FALSE,Unknown,
Dorotea,102901,64.26,16.42,Nan,1,-29.2,Nan,Nan,Nan,Nan,Nan,Nan,Nan,Nan,Nan,Sweden,SMHI,FALSE,Unknown,
Ed,102222,58.91,11.94,Nan,1,-16.9,Nan,Nan,Nan,Nan,Nan,Nan,Nan,Nan,Nan,Sweden,SMHI,FALSE,Unknown,
Edsbyn,102717,61.36,15.72,Nan,1,-23.5,Nan,Nan,Nan,Nan,Nan,Nan,Nan,Nan,Nan,Sweden,SMHI,FALSE,Unknown,
Eksjö,102322,57.67,14.97,Nan,1,-15.9,Nan,Nan,Nan,Nan,Nan,Nan,Nan,Nan,Nan,Sweden,SMHI,FALSE,Unknown,
Emmaboda,102341,56.63,15.54,Nan,1,-14.1,Nan,Nan,Nan,Nan,Nan,Nan,Nan,Nan,Nan,Sweden,SMHI,FALSE,Unknown,
Enköping,102606,59.64,17.09,Nan,1,-18.4,Nan,Nan,Nan,Nan,Nan,Nan,Nan,Nan,Nan,Sweden,SMHI,FALSE,Unknown,
Eskilstuna,102417,59.37,16.5,Nan,1,-18.3,Nan,Nan,Nan,Nan,Nan,Nan,Nan,Nan,Nan,Sweden,SMHI,FALSE,Unknown,
Eslöv,102107,55.84,13.31,Nan,1,-11.9,Nan,Nan,Nan,Nan,Nan,Nan,Nan,Nan,Nan,Sweden,SMHI,FALSE,Unknown,
Essunga,102244,58.19,12.72,Nan,1,-15.7,Nan,Nan,Nan,Nan,Nan,Nan,Nan,Nan,Nan,Sweden,SMHI,FALSE,Unknown,
Fagersta,102603,60,15.81,Nan,1,-19.1,Nan,Nan,Nan,Nan,Nan,Nan,Nan,Nan,Nan,Sweden,SMHI,FALSE,Unknown,
Falkenberg,102313,56.9,12.5,Nan,1,-12.9,Nan,Nan,Nan,Nan,Nan,Nan,Nan,Nan,Nan,Sweden,SMHI,FALSE,Unknown,
Falköping,102215,58.17,13.55,Nan,1,-16.3,Nan,Nan,Nan,Nan,Nan,Nan,Nan,Nan,Nan,Sweden,SMHI,FALSE,Unknown,
Falsterbo,102121,55.38,12.82,Nan,1,-9.4,Nan,Nan,Nan,Nan,Nan,Nan,Nan,Nan,Nan,Sweden,SMHI,FALSE,Unknown,
Falun,102708,60.6,15.67,Nan,1,-21,Nan,Nan,Nan,Nan,Nan,Nan,Nan,Nan,Nan,Sweden,SMHI,FALSE,Unknown,
Filipstad,102509,59.71,14.17,Nan,1,-20.8,Nan,Nan,Nan,Nan,Nan,Nan,Nan,Nan,Nan,Sweden,SMHI,FALSE,Unknown,
Films Kyrkby,102631,60.24,17.91,Nan,1,-17.9,Nan,Nan,Nan,Nan,Nan,Nan,Nan,Nan,Nan,Sweden,SMHI,FALSE,Unknown,
Finspång,102408,58.71,15.77,Nan,1,-17.1,Nan,Nan,Nan,Nan,Nan,Nan,Nan,Nan,Nan,Sweden,SMHI,FALSE,Unknown,
Flen,102412,59.06,16.6,Nan,1,-17.9,Nan,Nan,Nan,Nan,Nan,Nan,Nan,Nan,Nan,Sweden,SMHI,FALSE,Unknown,
Forshaga,102528,59.53,13.47,Nan,1,-20.1,Nan,Nan,Nan,Nan,Nan,Nan,Nan,Nan,Nan,Sweden,SMHI,FALSE,Unknown,
Fredrika,102903,64.07,18.37,Nan,1,-28.1,Nan,Nan,Nan,Nan,Nan,Nan,Nan,Nan,Nan,Sweden,SMHI,FALSE,Unknown,
Färgelanda,102249,58.57,11.99,Nan,1,-15,Nan,Nan,Nan,Nan,Nan,Nan,Nan,Nan,Nan,Sweden,SMHI,FALSE,Unknown,
Föllinge,102820,63.68,14.61,Nan,1,-23,Nan,Nan,Nan,Nan,Nan,Nan,Nan,Nan,Nan,Sweden,SMHI,FALSE,Unknown,
Gagnef,102725,60.55,15.13,Nan,1,-21.8,Nan,Nan,Nan,Nan,Nan,Nan,Nan,Nan,Nan,Sweden,SMHI,FALSE,Unknown,
Gislaved,102317,57.3,13.55,Nan,1,-15.6,Nan,Nan,Nan,Nan,Nan,Nan,Nan,Nan,Nan,Sweden,SMHI,FALSE,Unknown,
Gnesta,102419,59.04,17.31,Nan,1,-16.2,Nan,Nan,Nan,Nan,Nan,Nan,Nan,Nan,Nan,Sweden,SMHI,FALSE,Unknown,
Gnosjö,102344,57.36,13.73,Nan,1,-16.1,Nan,Nan,Nan,Nan,Nan,Nan,Nan,Nan,Nan,Sweden,SMHI,FALSE,Unknown,
Grums,102535,59.35,13.1,Nan,1,-19.1,Nan,Nan,Nan,Nan,Nan,Nan,Nan,Nan,Nan,Sweden,SMHI,FALSE,Unknown,
Grästorp,102248,58.33,12.67,Nan,1,-15.3,Nan,Nan,Nan,Nan,Nan,Nan,Nan,Nan,Nan,Sweden,SMHI,FALSE,Unknown,
Gäddede,102813,64.5,17.16,Nan,1,-28.9,Nan,Nan,Nan,Nan,Nan,Nan,Nan,Nan,Nan,Sweden,SMHI,FALSE,Unknown,
Gällivare,102012,67.14,20.66,Nan,1,-29.3,Nan,Nan,Nan,Nan,Nan,Nan,Nan,Nan,Nan,Sweden,SMHI,FALSE,Unknown,
Gävle,102711,60.68,17.18,Nan,1,-17.2,Nan,Nan,Nan,Nan,Nan,Nan,Nan,Nan,Nan,Sweden,SMHI,FALSE,Unknown,
Göteborg,102201,57.67,11.96,Nan,1,-12.3,Nan,Nan,Nan,Nan,Nan,Nan,Nan,Nan,Nan,Sweden,SMHI,FALSE,Unknown,
Götene,102519,58.53,13.49,Nan,1,-15.1,Nan,Nan,Nan,Nan,Nan,Nan,Nan,Nan,Nan,Sweden,SMHI,FALSE,Unknown,
Habo,102345,57.91,14.08,Nan,1,-15.7,Nan,Nan,Nan,Nan,Nan,Nan,Nan,Nan,Nan,Sweden,SMHI,FALSE,Unknown,
Hagfors,102506,60.03,13.69,Nan,1,-23.2,Nan,Nan,Nan,Nan,Nan,Nan,Nan,Nan,Nan,Sweden,SMHI,FALSE,Unknown,
Hallsberg,102530,59.07,15.12,Nan,1,-17.5,Nan,Nan,Nan,Nan,Nan,Nan,Nan,Nan,Nan,Sweden,SMHI,FALSE,Unknown,
Hallstahammar,102634,59.61,16.23,Nan,1,-18.7,Nan,Nan,Nan,Nan,Nan,Nan,Nan,Nan,Nan,Sweden,SMHI,FALSE,Unknown,
Halmstad,102302,56.67,12.87,Nan,1,-13.3,Nan,Nan,Nan,Nan,Nan,Nan,Nan,Nan,Nan,Sweden,SMHI,FALSE,Unknown,
Hammarstrand,102811,63.11,16.36,Nan,1,-27.1,Nan,Nan,Nan,Nan,Nan,Nan,Nan,Nan,Nan,Sweden,SMHI,FALSE,Unknown,
Hammarö,102525,59.33,13.43,Nan,1,-18.7,Nan,Nan,Nan,Nan,Nan,Nan,Nan,Nan,Nan,Sweden,SMHI,FALSE,Unknown,
Haninge,102610,59.11,18.07,Nan,1,-14.9,Nan,Nan,Nan,Nan,Nan,Nan,Nan,Nan,Nan,Sweden,SMHI,FALSE,Unknown,
Haparanda,102010,65.83,24.13,Nan,1,-27,Nan,Nan,Nan,Nan,Nan,Nan,Nan,Nan,Nan,Sweden,SMHI,FALSE,Unknown,
Hede,102801,62.42,13.5,Nan,1,-28.5,Nan,Nan,Nan,Nan,Nan,Nan,Nan,Nan,Nan,Sweden,SMHI,FALSE,Unknown,
Hedemora,102722,60.28,15.99,Nan,1,-19.7,Nan,Nan,Nan,Nan,Nan,Nan,Nan,Nan,Nan,Sweden,SMHI,FALSE,Unknown,
Helsingborg,102109,56.03,12.73,Nan,1,-10.4,Nan,Nan,Nan,Nan,Nan,Nan,Nan,Nan,Nan,Sweden,SMHI,FALSE,Unknown,
Hemavan,102908,65.8,15.1,Nan,1,-27.3,Nan,Nan,Nan,Nan,Nan,Nan,Nan,Nan,Nan,Sweden,SMHI,FALSE,Unknown,
Hemse,102331,57.24,18.28,Nan,1,-9.5,Nan,Nan,Nan,Nan,Nan,Nan,Nan,Nan,Nan,Sweden,SMHI,FALSE,Unknown,
Herrljunga,102232,58.08,13.03,Nan,1,-15.8,Nan,Nan,Nan,Nan,Nan,Nan,Nan,Nan,Nan,Sweden,SMHI,FALSE,Unknown,
Hjo,102217,58.3,14.28,Nan,1,-14.8,Nan,Nan,Nan,Nan,Nan,Nan,Nan,Nan,Nan,Sweden,SMHI,FALSE,Unknown,
Hofors,102709,60.55,16.29,Nan,1,-20.3,Nan,Nan,Nan,Nan,Nan,Nan,Nan,Nan,Nan,Sweden,SMHI,FALSE,Unknown,
Hova,102524,58.85,14.22,Nan,1,-16.2,Nan,Nan,Nan,Nan,Nan,Nan,Nan,Nan,Nan,Sweden,SMHI,FALSE,Unknown,
Huddinge,102624,59.21,18.04,Nan,1,-15.6,Nan,Nan,Nan,Nan,Nan,Nan,Nan,Nan,Nan,Sweden,SMHI,FALSE,Unknown,
Hudiksvall,102720,61.73,17.11,Nan,1,-19.5,Nan,Nan,Nan,Nan,Nan,Nan,Nan,Nan,Nan,Sweden,SMHI,FALSE,Unknown,
Hultsfred,102326,57.5,15.85,Nan,1,-16.1,Nan,Nan,Nan,Nan,Nan,Nan,Nan,Nan,Nan,Sweden,SMHI,FALSE,Unknown,
Hyltebruk,102316,57,13.24,Nan,1,-15.3,Nan,Nan,Nan,Nan,Nan,Nan,Nan,Nan,Nan,Sweden,SMHI,FALSE,Unknown,
Hällefors,102531,59.77,14.52,Nan,1,-20.2,Nan,Nan,Nan,Nan,Nan,Nan,Nan,Nan,Nan,Sweden,SMHI,FALSE,Unknown,
Härnösand,102806,62.63,17.93,Nan,1,-21.9,Nan,Nan,Nan,Nan,Nan,Nan,Nan,Nan,Nan,Sweden,SMHI,FALSE,Unknown,
Härryda,102254,57.67,12.12,Nan,1,-13.1,Nan,Nan,Nan,Nan,Nan,Nan,Nan,Nan,Nan,Sweden,SMHI,FALSE,Unknown,
Hässleholm,102112,56.16,13.78,Nan,1,-13.1,Nan,Nan,Nan,Nan,Nan,Nan,Nan,Nan,Nan,Sweden,SMHI,FALSE,Unknown,
Håbo,102637,59.57,17.53,Nan,1,-17.8,Nan,Nan,Nan,Nan,Nan,Nan,Nan,Nan,Nan,Sweden,SMHI,FALSE,Unknown,
Höganäs,102129,56.21,12.56,Nan,1,-10.5,Nan,Nan,Nan,Nan,Nan,Nan,Nan,Nan,Nan,Sweden,SMHI,FALSE,Unknown,
Högsby,102340,57.16,16.03,Nan,1,-15.5,Nan,Nan,Nan,Nan,Nan,Nan,Nan,Nan,Nan,Sweden,SMHI,FALSE,Unknown,
Hörby,102125,55.86,13.67,Nan,1,-12.6,Nan,Nan,Nan,Nan,Nan,Nan,Nan,Nan,Nan,Sweden,SMHI,FALSE,Unknown,
Höör,102127,55.93,13.55,Nan,1,-12.6,Nan,Nan,Nan,Nan,Nan,Nan,Nan,Nan,Nan,Sweden,SMHI,FALSE,Unknown,
Jokkmokk,102008,66.61,19.84,Nan,1,-34.5,Nan,Nan,Nan,Nan,Nan,Nan,Nan,Nan,Nan,Sweden,SMHI,FALSE,Unknown,
Junsele,102815,63.7,16.87,Nan,1,-29.2,Nan,Nan,Nan,Nan,Nan,Nan,Nan,Nan,Nan,Sweden,SMHI,FALSE,Unknown,
Järfälla,102626,59.41,17.87,Nan,1,-16.8,Nan,Nan,Nan,Nan,Nan,Nan,Nan,Nan,Nan,Sweden,SMHI,FALSE,Unknown,
Jönköping,102320,57.76,14.19,Nan,1,-16,Nan,Nan,Nan,Nan,Nan,Nan,Nan,Nan,Nan,Sweden,SMHI,FALSE,Unknown,
Kalix,102017,65.86,23.16,Nan,1,-27.4,Nan,Nan,Nan,Nan,Nan,Nan,Nan,Nan,Nan,Sweden,SMHI,FALSE,Unknown,
Kalmar,102307,56.68,16.35,Nan,1,-12.6,Nan,Nan,Nan,Nan,Nan,Nan,Nan,Nan,Nan,Sweden,SMHI,FALSE,Unknown,
Karesuando,102016,68.44,22.49,Nan,1,-32.5,Nan,Nan,Nan,Nan,Nan,Nan,Nan,Nan,Nan,Sweden,SMHI,FALSE,Unknown,
Karlsborg,102218,58.54,14.51,Nan,1,-15.2,Nan,Nan,Nan,Nan,Nan,Nan,Nan,Nan,Nan,Sweden,SMHI,FALSE,Unknown,
Karlshamn,102118,56.19,14.85,Nan,1,-11.5,Nan,Nan,Nan,Nan,Nan,Nan,Nan,Nan,Nan,Sweden,SMHI,FALSE,Unknown,
Karlskoga,102510,59.32,14.53,Nan,1,-18.5,Nan,Nan,Nan,Nan,Nan,Nan,Nan,Nan,Nan,Sweden,SMHI,FALSE,Unknown,
Karlskrona,102120,56.18,15.62,Nan,1,-10.9,Nan,Nan,Nan,Nan,Nan,Nan,Nan,Nan,Nan,Sweden,SMHI,FALSE,Unknown,
Karlstad,102507,59.39,13.51,Nan,1,-18.9,Nan,Nan,Nan,Nan,Nan,Nan,Nan,Nan,Nan,Sweden,SMHI,FALSE,Unknown,
Katrineholm,102411,58.99,16.2,Nan,1,-17.6,Nan,Nan,Nan,Nan,Nan,Nan,Nan,Nan,Nan,Sweden,SMHI,FALSE,Unknown,
Kil,102520,59.51,13.32,Nan,1,-19.9,Nan,Nan,Nan,Nan,Nan,Nan,Nan,Nan,Nan,Sweden,SMHI,FALSE,Unknown,
Kinna,102205,57.49,12.69,Nan,1,-14.3,Nan,Nan,Nan,Nan,Nan,Nan,Nan,Nan,Nan,Sweden,SMHI,FALSE,Unknown,
Kiruna,102014,67.85,20.25,Nan,1,-30,Nan,Nan,Nan,Nan,Nan,Nan,Nan,Nan,Nan,Sweden,SMHI,FALSE,Unknown,
Kisa,102403,57.99,15.64,Nan,1,-16.8,Nan,Nan,Nan,Nan,Nan,Nan,Nan,Nan,Nan,Sweden,SMHI,FALSE,Unknown,
Klippan,102110,56.14,13.16,Nan,1,-12.4,Nan,Nan,Nan,Nan,Nan,Nan,Nan,Nan,Nan,Sweden,SMHI,FALSE,Unknown,
Knivsta,102638,59.73,17.79,Nan,1,-17.9,Nan,Nan,Nan,Nan,Nan,Nan,Nan,Nan,Nan,Sweden,SMHI,FALSE,Unknown,
Kopparberg,102516,59.87,15.02,Nan,1,-19.2,Nan,Nan,Nan,Nan,Nan,Nan,Nan,Nan,Nan,Sweden,SMHI,FALSE,Unknown,
Kramfors,102807,62.93,17.8,Nan,1,-24.3,Nan,Nan,Nan,Nan,Nan,Nan,Nan,Nan,Nan,Sweden,SMHI,FALSE,Unknown,
Kristianstad,102113,56.02,14.14,Nan,1,-12.1,Nan,Nan,Nan,Nan,Nan,Nan,Nan,Nan,Nan,Sweden,SMHI,FALSE,Unknown,
Kristinehamn,102508,59.31,14.11,Nan,1,-18.6,Nan,Nan,Nan,Nan,Nan,Nan,Nan,Nan,Nan,Sweden,SMHI,FALSE,Unknown,
Kumla,102513,59.12,15.15,Nan,1,-17.8,Nan,Nan,Nan,Nan,Nan,Nan,Nan,Nan,Nan,Sweden,SMHI,FALSE,Unknown,
Kungsbacka,102315,57.49,12.08,Nan,1,-12.2,Nan,Nan,Nan,Nan,Nan,Nan,Nan,Nan,Nan,Sweden,SMHI,FALSE,Unknown,
Kungsör,102633,59.42,16.1,Nan,1,-18.2,Nan,Nan,Nan,Nan,Nan,Nan,Nan,Nan,Nan,Sweden,SMHI,FALSE,Unknown,
Kungälv,102202,57.87,11.97,Nan,1,-13,Nan,Nan,Nan,Nan,Nan,Nan,Nan,Nan,Nan,Sweden,SMHI,FALSE,Unknown,
Kvikkjokk,102007,66.96,17.73,Nan,1,-31.4,Nan,Nan,Nan,Nan,Nan,Nan,Nan,Nan,Nan,Sweden,SMHI,FALSE,Unknown,
Kävlinge,102124,55.79,13.11,Nan,1,-11,Nan,Nan,Nan,Nan,Nan,Nan,Nan,Nan,Nan,Sweden,SMHI,FALSE,Unknown,
Köping,102602,59.51,16.01,Nan,1,-18.3,Nan,Nan,Nan,Nan,Nan,Nan,Nan,Nan,Nan,Sweden,SMHI,FALSE,Unknown,
Laholm,102301,56.51,13.04,Nan,1,-13,Nan,Nan,Nan,Nan,Nan,Nan,Nan,Nan,Nan,Sweden,SMHI,FALSE,Unknown,
Landskrona,102108,55.88,12.84,Nan,1,-10.5,Nan,Nan,Nan,Nan,Nan,Nan,Nan,Nan,Nan,Sweden,SMHI,FALSE,Unknown,
Laxå,102511,58.98,14.62,Nan,1,-17,Nan,Nan,Nan,Nan,Nan,Nan,Nan,Nan,Nan,Sweden,SMHI,FALSE,Unknown,
Lekeberg,102529,59.17,14.87,Nan,1,-17.9,Nan,Nan,Nan,Nan,Nan,Nan,Nan,Nan,Nan,Sweden,SMHI,FALSE,Unknown,
Leksand,102706,60.72,15.03,Nan,1,-22.8,Nan,Nan,Nan,Nan,Nan,Nan,Nan,Nan,Nan,Sweden,SMHI,FALSE,Unknown,
Lerum,102203,57.77,12.28,Nan,1,-14,Nan,Nan,Nan,Nan,Nan,Nan,Nan,Nan,Nan,Sweden,SMHI,FALSE,Unknown,
Lessebo,102310,56.75,15.28,Nan,1,-14.5,Nan,Nan,Nan,Nan,Nan,Nan,Nan,Nan,Nan,Sweden,SMHI,FALSE,Unknown,
Lidingö,102647,59.37,18.18,Nan,1,-15.5,Nan,Nan,Nan,Nan,Nan,Nan,Nan,Nan,Nan,Sweden,SMHI,FALSE,Unknown,
Lidöping,102213,58.5,13.15,Nan,1,-15.2,Nan,Nan,Nan,Nan,Nan,Nan,Nan,Nan,Nan,Sweden,SMHI,FALSE,Unknown,
LillaEdet,102253,58.13,12.13,Nan,1,-14.5,Nan,Nan,Nan,Nan,Nan,Nan,Nan,Nan,Nan,Sweden,SMHI,FALSE,Unknown,
Lindesberg,102515,59.59,15.23,Nan,1,-18.7,Nan,Nan,Nan,Nan,Nan,Nan,Nan,Nan,Nan,Sweden,SMHI,FALSE,Unknown,
Linköping,102406,58.4,15.65,Nan,1,-16.6,Nan,Nan,Nan,Nan,Nan,Nan,Nan,Nan,Nan,Sweden,SMHI,FALSE,Unknown,
Ljungby,102312,56.83,13.95,Nan,1,-15.3,Nan,Nan,Nan,Nan,Nan,Nan,Nan,Nan,Nan,Sweden,SMHI,FALSE,Unknown,
Ljusdal,102721,61.83,16.1,Nan,1,-23.2,Nan,Nan,Nan,Nan,Nan,Nan,Nan,Nan,Nan,Sweden,SMHI,FALSE,Unknown,
Lomma,102135,55.67,13.08,Nan,1,-10.7,Nan,Nan,Nan,Nan,Nan,Nan,Nan,Nan,Nan,Sweden,SMHI,FALSE,Unknown,
Ludvika,102701,60.14,15.2,Nan,1,-20.7,Nan,Nan,Nan,Nan,Nan,Nan,Nan,Nan,Nan,Sweden,SMHI,FALSE,Unknown,
Luleå,102005,65.59,22.17,Nan,1,-27.5,Nan,Nan,Nan,Nan,Nan,Nan,Nan,Nan,Nan,Sweden,SMHI,FALSE,Unknown,
Lund,102106,55.71,13.2,Nan,1,-11.4,Nan,Nan,Nan,Nan,Nan,Nan,Nan,Nan,Nan,Sweden,SMHI,FALSE,Unknown,
Lycksele,102907,64.59,18.69,Nan,1,-30.5,Nan,Nan,Nan,Nan,Nan,Nan,Nan,Nan,Nan,Sweden,SMHI,FALSE,Unknown,
Lysekil,102209,58.28,11.44,Nan,1,-12.9,Nan,Nan,Nan,Nan,Nan,Nan,Nan,Nan,Nan,Sweden,SMHI,FALSE,Unknown,
Malexander,102420,58.07,15.24,Nan,1,-16.6,Nan,Nan,Nan,Nan,Nan,Nan,Nan,Nan,Nan,Sweden,SMHI,FALSE,Unknown,
Malmö,102105,55.59,13.02,Nan,1,-10.2,Nan,Nan,Nan,Nan,Nan,Nan,Nan,Nan,Nan,Sweden,SMHI,FALSE,Unknown,
Malung,102704,60.68,13.71,Nan,1,-25.9,Nan,Nan,Nan,Nan,Nan,Nan,Nan,Nan,Nan,Sweden,SMHI,FALSE,Unknown,
Malå,102915,65.18,18.75,Nan,1,-28.8,Nan,Nan,Nan,Nan,Nan,Nan,Nan,Nan,Nan,Sweden,SMHI,FALSE,Unknown,
Mariestad,102219,58.7,13.84,Nan,1,-15.1,Nan,Nan,Nan,Nan,Nan,Nan,Nan,Nan,Nan,Sweden,SMHI,FALSE,Unknown,
Markaryd,102303,56.46,13.6,Nan,1,-14.7,Nan,Nan,Nan,Nan,Nan,Nan,Nan,Nan,Nan,Sweden,SMHI,FALSE,Unknown,
Mellerud,102220,58.7,12.46,Nan,1,-15.6,Nan,Nan,Nan,Nan,Nan,Nan,Nan,Nan,Nan,Sweden,SMHI,FALSE,Unknown,
Mjölby,102402,58.33,15.13,Nan,1,-16.3,Nan,Nan,Nan,Nan,Nan,Nan,Nan,Nan,Nan,Sweden,SMHI,FALSE,Unknown,
Mora,102716,61.01,14.55,Nan,1,-24.1,Nan,Nan,Nan,Nan,Nan,Nan,Nan,Nan,Nan,Sweden,SMHI,FALSE,Unknown,
Motala,102407,58.54,15.04,Nan,1,-16.2,Nan,Nan,Nan,Nan,Nan,Nan,Nan,Nan,Nan,Sweden,SMHI,FALSE,Unknown,
Mullsjö,102342,57.92,13.88,Nan,1,-15.9,Nan,Nan,Nan,Nan,Nan,Nan,Nan,Nan,Nan,Sweden,SMHI,FALSE,Unknown,
Munkedal,102234,58.47,11.69,Nan,1,-14.3,Nan,Nan,Nan,Nan,Nan,Nan,Nan,Nan,Nan,Sweden,SMHI,FALSE,Unknown,
Munkfors,102527,59.83,13.53,Nan,1,-21.3,Nan,Nan,Nan,Nan,Nan,Nan,Nan,Nan,Nan,Sweden,SMHI,FALSE,Unknown,
Märsta,102615,59.87,17.72,Nan,1,-18,Nan,Nan,Nan,Nan,Nan,Nan,Nan,Nan,Nan,Sweden,SMHI,FALSE,Unknown,
Mölndal,102242,57.65,12.02,Nan,1,-13.1,Nan,Nan,Nan,Nan,Nan,Nan,Nan,Nan,Nan,Sweden,SMHI,FALSE,Unknown,
Mönsterås,102333,57.04,16.44,Nan,1,-13.1,Nan,Nan,Nan,Nan,Nan,Nan,Nan,Nan,Nan,Sweden,SMHI,FALSE,Unknown,
Mörbylånga,102339,56.52,16.38,Nan,1,-11.7,Nan,Nan,Nan,Nan,Nan,Nan,Nan,Nan,Nan,Sweden,SMHI,FALSE,Unknown,
Nacka,102648,59.31,18.16,Nan,1,-15.5,Nan,Nan,Nan,Nan,Nan,Nan,Nan,Nan,Nan,Sweden,SMHI,FALSE,Unknown,
Nora,102533,59.52,15.03,Nan,1,-18.9,Nan,Nan,Nan,Nan,Nan,Nan,Nan,Nan,Nan,Sweden,SMHI,FALSE,Unknown,
Norberg,102632,60.35,15.55,Nan,1,-21.2,Nan,Nan,Nan,Nan,Nan,Nan,Nan,Nan,Nan,Sweden,SMHI,FALSE,Unknown,
Nordanstig,102728,61.98,17.07,Nan,1,-21,Nan,Nan,Nan,Nan,Nan,Nan,Nan,Nan,Nan,Sweden,SMHI,FALSE,Unknown,
Nordmaling,102916,63.57,19.51,Nan,1,-22.7,Nan,Nan,Nan,Nan,Nan,Nan,Nan,Nan,Nan,Sweden,SMHI,FALSE,Unknown,
Norrköping,102409,58.59,16.19,Nan,1,-16.1,Nan,Nan,Nan,Nan,Nan,Nan,Nan,Nan,Nan,Sweden,SMHI,FALSE,Unknown,
Norrtälje,102616,59.76,18.7,Nan,1,-16.3,Nan,Nan,Nan,Nan,Nan,Nan,Nan,Nan,Nan,Sweden,SMHI,FALSE,Unknown,
Norsjö,102914,64.93,19.38,Nan,1,-27.5,Nan,Nan,Nan,Nan,Nan,Nan,Nan,Nan,Nan,Sweden,SMHI,FALSE,Unknown,
Nybro,102309,56.75,15.91,Nan,1,-14,Nan,Nan,Nan,Nan,Nan,Nan,Nan,Nan,Nan,Sweden,SMHI,FALSE,Unknown,
Nykvarn,102645,59.17,17.43,Nan,1,-16.9,Nan,Nan,Nan,Nan,Nan,Nan,Nan,Nan,Nan,Sweden,SMHI,FALSE,Unknown,
Nyköping,102413,58.76,17.01,Nan,1,-15.5,Nan,Nan,Nan,Nan,Nan,Nan,Nan,Nan,Nan,Sweden,SMHI,FALSE,Unknown,
Nynäshamn,102609,58.9,17.95,Nan,1,-13.9,Nan,Nan,Nan,Nan,Nan,Nan,Nan,Nan,Nan,Sweden,SMHI,FALSE,Unknown,
Nässjö,102321,57.65,14.7,Nan,1,-16.2,Nan,Nan,Nan,Nan,Nan,Nan,Nan,Nan,Nan,Sweden,SMHI,FALSE,Unknown,
Ockelbo,102712,60.9,16.72,Nan,1,-19.7,Nan,Nan,Nan,Nan,Nan,Nan,Nan,Nan,Nan,Sweden,SMHI,FALSE,Unknown,
Olofström,102116,56.28,14.52,Nan,1,-12.9,Nan,Nan,Nan,Nan,Nan,Nan,Nan,Nan,Nan,Sweden,SMHI,FALSE,Unknown,
Orsa,102727,61.12,14.61,Nan,1,-23.4,Nan,Nan,Nan,Nan,Nan,Nan,Nan,Nan,Nan,Sweden,SMHI,FALSE,Unknown,
Orust,102240,58.24,11.66,Nan,1,-13.5,Nan,Nan,Nan,Nan,Nan,Nan,Nan,Nan,Nan,Sweden,SMHI,FALSE,Unknown,
Osby,102117,56.38,14,Nan,1,-14.3,Nan,Nan,Nan,Nan,Nan,Nan,Nan,Nan,Nan,Sweden,SMHI,FALSE,Unknown,
Oskarshamn,102325,57.27,16.45,Nan,1,-13.2,Nan,Nan,Nan,Nan,Nan,Nan,Nan,Nan,Nan,Sweden,SMHI,FALSE,Unknown,
Oxelösund,102414,58.67,17.1,Nan,1,-14.6,Nan,Nan,Nan,Nan,Nan,Nan,Nan,Nan,Nan,Sweden,SMHI,FALSE,Unknown,
Pajala,102013,67.21,23.37,Nan,1,-30.8,Nan,Nan,Nan,Nan,Nan,Nan,Nan,Nan,Nan,Sweden,SMHI,FALSE,Unknown,
Partille,102238,57.74,12.11,Nan,1,-13.1,Nan,Nan,Nan,Nan,Nan,Nan,Nan,Nan,Nan,Sweden,SMHI,FALSE,Unknown,
Perstorp,102139,56.14,13.4,Nan,1,-13.2,Nan,Nan,Nan,Nan,Nan,Nan,Nan,Nan,Nan,Sweden,SMHI,FALSE,Unknown,
Piteå,102004,65.3,21.49,Nan,1,-26.4,Nan,Nan,Nan,Nan,Nan,Nan,Nan,Nan,Nan,Sweden,SMHI,FALSE,Unknown,
Ritsem,102011,67.73,17.47,Nan,1,-24.9,Nan,Nan,Nan,Nan,Nan,Nan,Nan,Nan,Nan,Sweden,SMHI,FALSE,Unknown,
Robertsfors,102913,64.19,20.85,Nan,1,-23.7,Nan,Nan,Nan,Nan,Nan,Nan,Nan,Nan,Nan,Sweden,SMHI,FALSE,Unknown,
Ronneby,102119,56.21,15.28,Nan,1,-11.7,Nan,Nan,Nan,Nan,Nan,Nan,Nan,Nan,Nan,Sweden,SMHI,FALSE,Unknown,
Rättvik,102723,60.88,15.11,Nan,1,-23.4,Nan,Nan,Nan,Nan,Nan,Nan,Nan,Nan,Nan,Sweden,SMHI,FALSE,Unknown,
Sala,102604,59.92,16.59,Nan,1,-19.1,Nan,Nan,Nan,Nan,Nan,Nan,Nan,Nan,Nan,Sweden,SMHI,FALSE,Unknown,
Salem,102643,59.24,17.69,Nan,1,-16.3,Nan,Nan,Nan,Nan,Nan,Nan,Nan,Nan,Nan,Sweden,SMHI,FALSE,Unknown,
Sandviken,102710,60.62,16.78,Nan,1,-19.2,Nan,Nan,Nan,Nan,Nan,Nan,Nan,Nan,Nan,Sweden,SMHI,FALSE,Unknown,
Sigtuna,102642,59.62,17.72,Nan,1,-17.6,Nan,Nan,Nan,Nan,Nan,Nan,Nan,Nan,Nan,Sweden,SMHI,FALSE,Unknown,
Simrishamn,102103,55.56,14.35,Nan,1,-9.9,Nan,Nan,Nan,Nan,Nan,Nan,Nan,Nan,Nan,Sweden,SMHI,FALSE,Unknown,
Sjöbo,102104,55.63,13.71,Nan,1,-11.5,Nan,Nan,Nan,Nan,Nan,Nan,Nan,Nan,Nan,Sweden,SMHI,FALSE,Unknown,
Skara,102214,58.38,13.44,Nan,1,-15.7,Nan,Nan,Nan,Nan,Nan,Nan,Nan,Nan,Nan,Sweden,SMHI,FALSE,Unknown,
Skellefteå,102911,64.75,20.96,Nan,1,-24.6,Nan,Nan,Nan,Nan,Nan,Nan,Nan,Nan,Nan,Sweden,SMHI,FALSE,Unknown,
Skinnskatteberg,102635,59.83,15.69,Nan,1,-19.1,Nan,Nan,Nan,Nan,Nan,Nan,Nan,Nan,Nan,Sweden,SMHI,FALSE,Unknown,
Skurup,102137,55.48,13.5,Nan,1,-11.2,Nan,Nan,Nan,Nan,Nan,Nan,Nan,Nan,Nan,Sweden,SMHI,FALSE,Unknown,
Skutskär,102630,60.63,17.41,Nan,1,-16.7,Nan,Nan,Nan,Nan,Nan,Nan,Nan,Nan,Nan,Sweden,SMHI,FALSE,Unknown,
Skövde,102216,58.4,13.86,Nan,1,-15.5,Nan,Nan,Nan,Nan,Nan,Nan,Nan,Nan,Nan,Sweden,SMHI,FALSE,Unknown,
Smedjebacken,102726,60.14,15.41,Nan,1,-19.8,Nan,Nan,Nan,Nan,Nan,Nan,Nan,Nan,Nan,Sweden,SMHI,FALSE,Unknown,
Sollefteå,102812,63.17,17.28,Nan,1,-26.3,Nan,Nan,Nan,Nan,Nan,Nan,Nan,Nan,Nan,Sweden,SMHI,FALSE,Unknown,
Sollentuna,102628,59.44,17.94,Nan,1,-16.8,Nan,Nan,Nan,Nan,Nan,Nan,Nan,Nan,Nan,Sweden,SMHI,FALSE,Unknown,
Solna,102641,59.36,18,Nan,1,-16.2,Nan,Nan,Nan,Nan,Nan,Nan,Nan,Nan,Nan,Sweden,SMHI,FALSE,Unknown,
Sorsele,102910,65.54,17.53,Nan,1,-31.7,Nan,Nan,Nan,Nan,Nan,Nan,Nan,Nan,Nan,Sweden,SMHI,FALSE,Unknown,
Sotenäs,102235,58.36,11.26,Nan,1,-12.4,Nan,Nan,Nan,Nan,Nan,Nan,Nan,Nan,Nan,Sweden,SMHI,FALSE,Unknown,
Staffanstorp,102136,55.65,13.22,Nan,1,-10.9,Nan,Nan,Nan,Nan,Nan,Nan,Nan,Nan,Nan,Sweden,SMHI,FALSE,Unknown,
Stenungsund,102208,58.07,11.83,Nan,1,-13,Nan,Nan,Nan,Nan,Nan,Nan,Nan,Nan,Nan,Sweden,SMHI,FALSE,Unknown,
Stockholm,102612,59.28,18.04,Nan,1,-15.5,Nan,Nan,Nan,Nan,Nan,Nan,Nan,Nan,Nan,Sweden,SMHI,FALSE,Unknown,
Stockholm-Bromma,102613,59.35,17.95,Nan,1,-16.2,Nan,Nan,Nan,Nan,Nan,Nan,Nan,Nan,Nan,Sweden,SMHI,FALSE,Unknown,
Storfors,102534,59.53,14.27,Nan,1,-20.1,Nan,Nan,Nan,Nan,Nan,Nan,Nan,Nan,Nan,Sweden,SMHI,FALSE,Unknown,
Storlien,102808,63.3,12.12,Nan,1,-22.4,Nan,Nan,Nan,Nan,Nan,Nan,Nan,Nan,Nan,Sweden,SMHI,FALSE,Unknown,
Storuman,102909,65.1,17.11,Nan,1,-28.8,Nan,Nan,Nan,Nan,Nan,Nan,Nan,Nan,Nan,Sweden,SMHI,FALSE,Unknown,
Strängnäs,102416,59.37,17.02,Nan,1,-18.6,Nan,Nan,Nan,Nan,Nan,Nan,Nan,Nan,Nan,Sweden,SMHI,FALSE,Unknown,
Strömstad,102221,58.94,11.19,Nan,1,-14.3,Nan,Nan,Nan,Nan,Nan,Nan,Nan,Nan,Nan,Sweden,SMHI,FALSE,Unknown,
Strömsund,102814,63.85,15.56,Nan,1,-25,Nan,Nan,Nan,Nan,Nan,Nan,Nan,Nan,Nan,Sweden,SMHI,FALSE,Unknown,
Sundbyberg,102640,59.38,17.96,Nan,1,-16.2,Nan,Nan,Nan,Nan,Nan,Nan,Nan,Nan,Nan,Sweden,SMHI,FALSE,Unknown,
Sundsvall,102805,62.39,17.31,Nan,1,-22.9,Nan,Nan,Nan,Nan,Nan,Nan,Nan,Nan,Nan,Sweden,SMHI,FALSE,Unknown,
Sunne,102504,59.84,13.15,Nan,1,-21.8,Nan,Nan,Nan,Nan,Nan,Nan,Nan,Nan,Nan,Sweden,SMHI,FALSE,Unknown,
Surahammar,102636,59.71,16.22,Nan,1,-19,Nan,Nan,Nan,Nan,Nan,Nan,Nan,Nan,Nan,Sweden,SMHI,FALSE,Unknown,
Svalöv,102126,55.91,13.11,Nan,1,-11.6,Nan,Nan,Nan,Nan,Nan,Nan,Nan,Nan,Nan,Sweden,SMHI,FALSE,Unknown,
Svedala,102122,55.51,13.24,Nan,1,-11.2,Nan,Nan,Nan,Nan,Nan,Nan,Nan,Nan,Nan,Sweden,SMHI,FALSE,Unknown,
Sveg,102802,62.04,14.36,Nan,1,-28.9,Nan,Nan,Nan,Nan,Nan,Nan,Nan,Nan,Nan,Sweden,SMHI,FALSE,Unknown,
Svenljunga,102245,57.5,13.12,Nan,1,-15.3,Nan,Nan,Nan,Nan,Nan,Nan,Nan,Nan,Nan,Sweden,SMHI,FALSE,Unknown,
Svenstavik,102821,62.77,14.44,Nan,1,-25.7,Nan,Nan,Nan,Nan,Nan,Nan,Nan,Nan,Nan,Sweden,SMHI,FALSE,Unknown,
Säffle,102502,59.13,12.92,Nan,1,-18.4,Nan,Nan,Nan,Nan,Nan,Nan,Nan,Nan,Nan,Sweden,SMHI,FALSE,Unknown,
Sälen-Högfjällshotell,102714,61.09,13.23,Nan,1,-28.7,Nan,Nan,Nan,Nan,Nan,Nan,Nan,Nan,Nan,Sweden,SMHI,FALSE,Unknown,
Särna,102713,61.71,13.13,Nan,1,-27.6,Nan,Nan,Nan,Nan,Nan,Nan,Nan,Nan,Nan,Sweden,SMHI,FALSE,Unknown,
Säter,102703,60.35,15.74,Nan,1,-20.4,Nan,Nan,Nan,Nan,Nan,Nan,Nan,Nan,Nan,Sweden,SMHI,FALSE,Unknown,
Sävsjö,102334,57.4,14.66,Nan,1,-16.2,Nan,Nan,Nan,Nan,Nan,Nan,Nan,Nan,Nan,Sweden,SMHI,FALSE,Unknown,
Såtenäs,102518,58.44,12.71,Nan,1,-15,Nan,Nan,Nan,Nan,Nan,Nan,Nan,Nan,Nan,Sweden,SMHI,FALSE,Unknown,
Söderhamn,102719,61.31,17.08,Nan,1,-19.2,Nan,Nan,Nan,Nan,Nan,Nan,Nan,Nan,Nan,Sweden,SMHI,FALSE,Unknown,
Söderköping,102421,58.47,16.34,Nan,1,-15.5,Nan,Nan,Nan,Nan,Nan,Nan,Nan,Nan,Nan,Sweden,SMHI,FALSE,Unknown,
Södertälje,102608,59.19,17.63,Nan,1,-16.3,Nan,Nan,Nan,Nan,Nan,Nan,Nan,Nan,Nan,Sweden,SMHI,FALSE,Unknown,
Sölvesborg,102115,56.05,14.6,Nan,1,-11.6,Nan,Nan,Nan,Nan,Nan,Nan,Nan,Nan,Nan,Sweden,SMHI,FALSE,Unknown,
Tanum,102247,58.73,11.33,Nan,1,-13.9,Nan,Nan,Nan,Nan,Nan,Nan,Nan,Nan,Nan,Sweden,SMHI,FALSE,Unknown,
Tibro,102241,58.42,14.17,Nan,1,-15.1,Nan,Nan,Nan,Nan,Nan,Nan,Nan,Nan,Nan,Sweden,SMHI,FALSE,Unknown,
Tidaholm,102251,58.18,13.95,Nan,1,-15.4,Nan,Nan,Nan,Nan,Nan,Nan,Nan,Nan,Nan,Sweden,SMHI,FALSE,Unknown,
Tierp,102619,60.35,17.52,Nan,1,-17.7,Nan,Nan,Nan,Nan,Nan,Nan,Nan,Nan,Nan,Sweden,SMHI,FALSE,Unknown,
Timrå,102822,62.5,17.33,Nan,1,-23.2,Nan,Nan,Nan,Nan,Nan,Nan,Nan,Nan,Nan,Sweden,SMHI,FALSE,Unknown,
Tingsryd,102305,56.53,14.97,Nan,1,-13.9,Nan,Nan,Nan,Nan,Nan,Nan,Nan,Nan,Nan,Sweden,SMHI,FALSE,Unknown,
Tjörn,102237,58,11.55,Nan,1,-12.3,Nan,Nan,Nan,Nan,Nan,Nan,Nan,Nan,Nan,Sweden,SMHI,FALSE,Unknown,
Tomelilla,102123,55.55,13.94,Nan,1,-11.1,Nan,Nan,Nan,Nan,Nan,Nan,Nan,Nan,Nan,Sweden,SMHI,FALSE,Unknown,
Torsby,102505,60.13,13.01,Nan,1,-22.8,Nan,Nan,Nan,Nan,Nan,Nan,Nan,Nan,Nan,Sweden,SMHI,FALSE,Unknown,
Torsås,102306,56.41,16,Nan,1,-11.6,Nan,Nan,Nan,Nan,Nan,Nan,Nan,Nan,Nan,Sweden,SMHI,FALSE,Unknown,
Tranemo,102250,57.48,13.35,Nan,1,-15.6,Nan,Nan,Nan,Nan,Nan,Nan,Nan,Nan,Nan,Sweden,SMHI,FALSE,Unknown,
Tranås,102328,58.03,14.98,Nan,1,-15.7,Nan,Nan,Nan,Nan,Nan,Nan,Nan,Nan,Nan,Sweden,SMHI,FALSE,Unknown,
Trelleborg,102101,55.38,13.17,Nan,1,-10.3,Nan,Nan,Nan,Nan,Nan,Nan,Nan,Nan,Nan,Sweden,SMHI,FALSE,Unknown,
Trollhättan,102212,58.28,12.3,Nan,1,-14.9,Nan,Nan,Nan,Nan,Nan,Nan,Nan,Nan,Nan,Sweden,SMHI,FALSE,Unknown,
Trosa,102415,58.9,17.56,Nan,1,-14.9,Nan,Nan,Nan,Nan,Nan,Nan,Nan,Nan,Nan,Sweden,SMHI,FALSE,Unknown,
Tyresö,102611,59.25,18.28,Nan,1,-14.9,Nan,Nan,Nan,Nan,Nan,Nan,Nan,Nan,Nan,Sweden,SMHI,FALSE,Unknown,
Täby,102629,59.45,18.09,Nan,1,-16.6,Nan,Nan,Nan,Nan,Nan,Nan,Nan,Nan,Nan,Sweden,SMHI,FALSE,Unknown,
Tännäs,102819,62.45,12.67,Nan,1,-27.5,Nan,Nan,Nan,Nan,Nan,Nan,Nan,Nan,Nan,Sweden,SMHI,FALSE,Unknown,
Tärnsjö,102618,60.16,16.92,Nan,1,-19.1,Nan,Nan,Nan,Nan,Nan,Nan,Nan,Nan,Nan,Sweden,SMHI,FALSE,Unknown,
Töreboda,102239,58.72,14.13,Nan,1,-15.7,Nan,Nan,Nan,Nan,Nan,Nan,Nan,Nan,Nan,Sweden,SMHI,FALSE,Unknown,
Uddevalla,102210,58.35,11.8,Nan,1,-13.8,Nan,Nan,Nan,Nan,Nan,Nan,Nan,Nan,Nan,Sweden,SMHI,FALSE,Unknown,
Ullared,102231,57.11,12.78,Nan,1,-14.6,Nan,Nan,Nan,Nan,Nan,Nan,Nan,Nan,Nan,Sweden,SMHI,FALSE,Unknown,
Ulricehamn,102207,57.8,13.41,Nan,1,-16,Nan,Nan,Nan,Nan,Nan,Nan,Nan,Nan,Nan,Sweden,SMHI,FALSE,Unknown,
Umeå,102905,63.83,20.26,Nan,1,-23.5,Nan,Nan,Nan,Nan,Nan,Nan,Nan,Nan,Nan,Sweden,SMHI,FALSE,Unknown,
Upplands-Bro,102607,59.52,17.64,Nan,1,-17.4,Nan,Nan,Nan,Nan,Nan,Nan,Nan,Nan,Nan,Sweden,SMHI,FALSE,Unknown,
Upplands-Väsby,102639,59.52,17.92,Nan,1,-17.1,Nan,Nan,Nan,Nan,Nan,Nan,Nan,Nan,Nan,Sweden,SMHI,FALSE,Unknown,
Uppsala,102617,59.84,17.64,Nan,1,-18.1,Nan,Nan,Nan,Nan,Nan,Nan,Nan,Nan,Nan,Sweden,SMHI,FALSE,Unknown,
Vadstena,102418,58.45,14.9,Nan,1,-16.1,Nan,Nan,Nan,Nan,Nan,Nan,Nan,Nan,Nan,Sweden,SMHI,FALSE,Unknown,
Vaggeryd,102319,57.5,14.14,Nan,1,-16.3,Nan,Nan,Nan,Nan,Nan,Nan,Nan,Nan,Nan,Sweden,SMHI,FALSE,Unknown,
Valdermarsvik,102405,58.21,16.6,Nan,1,-14.3,Nan,Nan,Nan,Nan,Nan,Nan,Nan,Nan,Nan,Sweden,SMHI,FALSE,Unknown,
Vallentuna,102649,59.59,18.2,Nan,1,-17.1,Nan,Nan,Nan,Nan,Nan,Nan,Nan,Nan,Nan,Sweden,SMHI,FALSE,Unknown,
Vansbro,102705,60.51,14.22,Nan,1,-23.8,Nan,Nan,Nan,Nan,Nan,Nan,Nan,Nan,Nan,Sweden,SMHI,FALSE,Unknown,
Vara,102523,58.32,13.04,Nan,1,-15.9,Nan,Nan,Nan,Nan,Nan,Nan,Nan,Nan,Nan,Sweden,SMHI,FALSE,Unknown,
Varberg,102314,57.11,12.26,Nan,1,-12.7,Nan,Nan,Nan,Nan,Nan,Nan,Nan,Nan,Nan,Sweden,SMHI,FALSE,Unknown,
Vetlanda,102323,57.42,15.09,Nan,1,-16,Nan,Nan,Nan,Nan,Nan,Nan,Nan,Nan,Nan,Sweden,SMHI,FALSE,Unknown,
Vilhelmina,102902,64.63,16.66,Nan,1,-29.8,Nan,Nan,Nan,Nan,Nan,Nan,Nan,Nan,Nan,Sweden,SMHI,FALSE,Unknown,
Vimmerby,102327,57.67,15.86,Nan,1,-16.3,Nan,Nan,Nan,Nan,Nan,Nan,Nan,Nan,Nan,Sweden,SMHI,FALSE,Unknown,
Vindeln,102906,64.2,19.72,Nan,1,-26,Nan,Nan,Nan,Nan,Nan,Nan,Nan,Nan,Nan,Sweden,SMHI,FALSE,Unknown,
Vingåker,102410,59.05,15.88,Nan,1,-18,Nan,Nan,Nan,Nan,Nan,Nan,Nan,Nan,Nan,Sweden,SMHI,FALSE,Unknown,
Visby,102330,57.63,18.31,Nan,1,-9.4,Nan,Nan,Nan,Nan,Nan,Nan,Nan,Nan,Nan,Sweden,SMHI,FALSE,Unknown,
Vänersborg,102211,58.37,12.32,Nan,1,-15.1,Nan,Nan,Nan,Nan,Nan,Nan,Nan,Nan,Nan,Sweden,SMHI,FALSE,Unknown,
Vännäs,102904,63.9,19.75,Nan,1,-24.3,Nan,Nan,Nan,Nan,Nan,Nan,Nan,Nan,Nan,Sweden,SMHI,FALSE,Unknown,
Värmdö,102625,59.33,18.39,Nan,1,-14.7,Nan,Nan,Nan,Nan,Nan,Nan,Nan,Nan,Nan,Sweden,SMHI,FALSE,Unknown,
Värnamo,102318,57.19,14.05,Nan,1,-16.1,Nan,Nan,Nan,Nan,Nan,Nan,Nan,Nan,Nan,Sweden,SMHI,FALSE,Unknown,
Västervik,102329,57.76,16.64,Nan,1,-13.8,Nan,Nan,Nan,Nan,Nan,Nan,Nan,Nan,Nan,Sweden,SMHI,FALSE,Unknown,
Västerås,102605,59.61,16.54,Nan,1,-18.4,Nan,Nan,Nan,Nan,Nan,Nan,Nan,Nan,Nan,Sweden,SMHI,FALSE,Unknown,
Växjö,102311,56.88,14.79,Nan,1,-15,Nan,Nan,Nan,Nan,Nan,Nan,Nan,Nan,Nan,Sweden,SMHI,FALSE,Unknown,
Vårgårda,102246,58.03,12.8,Nan,1,-15.6,Nan,Nan,Nan,Nan,Nan,Nan,Nan,Nan,Nan,Sweden,SMHI,FALSE,Unknown,
Ydre,102422,57.83,15.27,Nan,1,-16.3,Nan,Nan,Nan,Nan,Nan,Nan,Nan,Nan,Nan,Sweden,SMHI,FALSE,Unknown,
Ystad,102102,55.43,13.82,Nan,1,-10.8,Nan,Nan,Nan,Nan,Nan,Nan,Nan,Nan,Nan,Sweden,SMHI,FALSE,Unknown,
Ãlvdalen,102715,61.22,14.05,Nan,1,-25.7,Nan,Nan,Nan,Nan,Nan,Nan,Nan,Nan,Nan,Sweden,SMHI,FALSE,Unknown,
Älmhult,102304,56.56,14.15,Nan,1,-14.7,Nan,Nan,Nan,Nan,Nan,Nan,Nan,Nan,Nan,Sweden,SMHI,FALSE,Unknown,
Älvsbyn,102003,65.68,21.01,Nan,1,-30,Nan,Nan,Nan,Nan,Nan,Nan,Nan,Nan,Nan,Sweden,SMHI,FALSE,Unknown,
Ängelholm,102111,56.25,12.87,Nan,1,-11.1,Nan,Nan,Nan,Nan,Nan,Nan,Nan,Nan,Nan,Sweden,SMHI,FALSE,Unknown,
Åmål,102224,59.05,12.7,Nan,1,-17.2,Nan,Nan,Nan,Nan,Nan,Nan,Nan,Nan,Nan,Sweden,SMHI,FALSE,Unknown,
Ånge,102804,62.52,15.66,Nan,1,-26.6,Nan,Nan,Nan,Nan,Nan,Nan,Nan,Nan,Nan,Sweden,SMHI,FALSE,Unknown,
Åre,102809,63.41,13.07,Nan,1,-22.4,Nan,Nan,Nan,Nan,Nan,Nan,Nan,Nan,Nan,Sweden,SMHI,FALSE,Unknown,
Årjäng,102501,59.39,12.14,Nan,1,-19,Nan,Nan,Nan,Nan,Nan,Nan,Nan,Nan,Nan,Sweden,SMHI,FALSE,Unknown,
Åseda,102324,57.17,15.35,Nan,1,-16.4,Nan,Nan,Nan,Nan,Nan,Nan,Nan,Nan,Nan,Sweden,SMHI,FALSE,Unknown,
Åstorp,102140,56.13,12.95,Nan,1,-11.4,Nan,Nan,Nan,Nan,Nan,Nan,Nan,Nan,Nan,Sweden,SMHI,FALSE,Unknown,
Åtvidaberg,102404,58.2,16,Nan,1,-16.4,Nan,Nan,Nan,Nan,Nan,Nan,Nan,Nan,Nan,Sweden,SMHI,FALSE,Unknown,
Öckerö,102236,57.71,11.65,Nan,1,-11.5,Nan,Nan,Nan,Nan,Nan,Nan,Nan,Nan,Nan,Sweden,SMHI,FALSE,Unknown,
Ödeshög,102401,58.23,14.66,Nan,1,-15.3,Nan,Nan,Nan,Nan,Nan,Nan,Nan,Nan,Nan,Sweden,SMHI,FALSE,Unknown,
Örebro,102514,59.27,15.21,Nan,1,-18.1,Nan,Nan,Nan,Nan,Nan,Nan,Nan,Nan,Nan,Sweden,SMHI,FALSE,Unknown,
Örkelljunga,102131,56.28,13.28,Nan,1,-13.5,Nan,Nan,Nan,Nan,Nan,Nan,Nan,Nan,Nan,Sweden,SMHI,FALSE,Unknown,
Örnsköldsvik,102816,63.28,18.69,Nan,1,-23,Nan,Nan,Nan,Nan,Nan,Nan,Nan,Nan,Nan,Sweden,SMHI,FALSE,Unknown,
Östersund,102810,63.18,14.63,Nan,1,-24.6,Nan,Nan,Nan,Nan,Nan,Nan,Nan,Nan,Nan,Sweden,SMHI,FALSE,Unknown,
Österåker,102614,59.4,18.34,Nan,1,-15.2,Nan,Nan,Nan,Nan,Nan,Nan,Nan,Nan,Nan,Sweden,SMHI,FALSE,Unknown,
Österåker,102644,59.47,18.32,Nan,1,-15.7,Nan,Nan,Nan,Nan,Nan,Nan,Nan,Nan,Nan,Sweden,SMHI,FALSE,Unknown,
Östhammar,102620,60.26,18.37,Nan,1,-16.5,Nan,Nan,Nan,Nan,Nan,Nan,Nan,Nan,Nan,Sweden,SMHI,FALSE,Unknown,
Östmark,102522,60.35,12.65,Nan,1,-23.8,Nan,Nan,Nan,Nan,Nan,Nan,Nan,Nan,Nan,Sweden,SMHI,FALSE,Unknown,
Överkalix,102009,66.32,22.85,Nan,1,-29.5,Nan,Nan,Nan,Nan,Nan,Nan,Nan,Nan,Nan,Sweden,SMHI,FALSE,Unknown,
Övertorneå,102024,66.38,23.67,Nan,1,-29.2,Nan,Nan,Nan,Nan,Nan,Nan,Nan,Nan,Nan,Sweden,SMHI,FALSE,Unknown,
